rmse,mae,mse,r2
1.790909266609371,1.377995748040201,3.2073560012273155,-0.11722559615203387
